--
-- PostgreSQL database dump
--

-- Dumped from database version 13.1
-- Dumped by pg_dump version 13.1

SET statement_timeout = 0;
SET lock_timeout = 0;
SET idle_in_transaction_session_timeout = 0;
SET client_encoding = 'UTF8';
SET standard_conforming_strings = on;
SELECT pg_catalog.set_config('search_path', '', false);
SET check_function_bodies = false;
SET xmloption = content;
SET client_min_messages = warning;
SET row_security = off;

SET default_tablespace = '';

SET default_table_access_method = heap;

--
-- Name: actors; Type: TABLE; Schema: public; Owner: postgres
--

CREATE TABLE public.actors (
    id bigint NOT NULL,
    name text NOT NULL,
    birth_date date NOT NULL
);


ALTER TABLE public.actors OWNER TO postgres;

--
-- Name: actors_id_seq; Type: SEQUENCE; Schema: public; Owner: postgres
--

CREATE SEQUENCE public.actors_id_seq
    START WITH 1
    INCREMENT BY 1
    NO MINVALUE
    NO MAXVALUE
    CACHE 1;


ALTER TABLE public.actors_id_seq OWNER TO postgres;

--
-- Name: actors_id_seq; Type: SEQUENCE OWNED BY; Schema: public; Owner: postgres
--

ALTER SEQUENCE public.actors_id_seq OWNED BY public.actors.id;


--
-- Name: genres; Type: TABLE; Schema: public; Owner: postgres
--

CREATE TABLE public.genres (
    id bigint NOT NULL,
    name text NOT NULL
);


ALTER TABLE public.genres OWNER TO postgres;

--
-- Name: genres_id_seq; Type: SEQUENCE; Schema: public; Owner: postgres
--

CREATE SEQUENCE public.genres_id_seq
    START WITH 1
    INCREMENT BY 1
    NO MINVALUE
    NO MAXVALUE
    CACHE 1;


ALTER TABLE public.genres_id_seq OWNER TO postgres;

--
-- Name: genres_id_seq; Type: SEQUENCE OWNED BY; Schema: public; Owner: postgres
--

ALTER SEQUENCE public.genres_id_seq OWNED BY public.genres.id;


--
-- Name: movies; Type: TABLE; Schema: public; Owner: postgres
--

CREATE TABLE public.movies (
    id bigint NOT NULL,
    name text NOT NULL,
    release_date date NOT NULL,
    genre_id bigint NOT NULL
);


ALTER TABLE public.movies OWNER TO postgres;

--
-- Name: movies_actors; Type: TABLE; Schema: public; Owner: postgres
--

CREATE TABLE public.movies_actors (
    id bigint NOT NULL,
    movie_id bigint NOT NULL,
    actor_id bigint NOT NULL
);


ALTER TABLE public.movies_actors OWNER TO postgres;

--
-- Name: movies_actors_id_seq; Type: SEQUENCE; Schema: public; Owner: postgres
--

CREATE SEQUENCE public.movies_actors_id_seq
    START WITH 1
    INCREMENT BY 1
    NO MINVALUE
    NO MAXVALUE
    CACHE 1;


ALTER TABLE public.movies_actors_id_seq OWNER TO postgres;

--
-- Name: movies_actors_id_seq; Type: SEQUENCE OWNED BY; Schema: public; Owner: postgres
--

ALTER SEQUENCE public.movies_actors_id_seq OWNED BY public.movies_actors.id;


--
-- Name: movies_id_seq; Type: SEQUENCE; Schema: public; Owner: postgres
--

CREATE SEQUENCE public.movies_id_seq
    START WITH 1
    INCREMENT BY 1
    NO MINVALUE
    NO MAXVALUE
    CACHE 1;


ALTER TABLE public.movies_id_seq OWNER TO postgres;

--
-- Name: movies_id_seq; Type: SEQUENCE OWNED BY; Schema: public; Owner: postgres
--

ALTER SEQUENCE public.movies_id_seq OWNED BY public.movies.id;


--
-- Name: actors id; Type: DEFAULT; Schema: public; Owner: postgres
--

ALTER TABLE ONLY public.actors ALTER COLUMN id SET DEFAULT nextval('public.actors_id_seq'::regclass);


--
-- Name: genres id; Type: DEFAULT; Schema: public; Owner: postgres
--

ALTER TABLE ONLY public.genres ALTER COLUMN id SET DEFAULT nextval('public.genres_id_seq'::regclass);


--
-- Name: movies id; Type: DEFAULT; Schema: public; Owner: postgres
--

ALTER TABLE ONLY public.movies ALTER COLUMN id SET DEFAULT nextval('public.movies_id_seq'::regclass);


--
-- Name: movies_actors id; Type: DEFAULT; Schema: public; Owner: postgres
--

ALTER TABLE ONLY public.movies_actors ALTER COLUMN id SET DEFAULT nextval('public.movies_actors_id_seq'::regclass);


--
-- Data for Name: actors; Type: TABLE DATA; Schema: public; Owner: postgres
--

COPY public.actors (id, name, birth_date) FROM stdin;
1	Liam Nissan	1980-10-14
2	Adam Sendler	1965-01-17
3	Jeniffer Morison	1975-05-20
4	Emma Wottson	1971-08-09
\.


--
-- Data for Name: genres; Type: TABLE DATA; Schema: public; Owner: postgres
--

COPY public.genres (id, name) FROM stdin;
1	Drama
2	Romantic
3	Comedy
4	Action
\.


--
-- Data for Name: movies; Type: TABLE DATA; Schema: public; Owner: postgres
--

COPY public.movies (id, name, release_date, genre_id) FROM stdin;
1	Ted	2015-12-20	3
2	Hunger games	2010-10-14	4
3	Black Swan	2018-02-04	1
4	My lover	2019-11-12	2
5	Crazy vacation	2020-06-10	3
6	Fiance letter	2014-07-07	2
7	The prayer	2009-01-16	1
8	Prison break	2012-01-01	4
10	Walking on Water	2020-01-15	1
\.


--
-- Data for Name: movies_actors; Type: TABLE DATA; Schema: public; Owner: postgres
--

COPY public.movies_actors (id, movie_id, actor_id) FROM stdin;
1	1	2
2	2	3
3	3	4
4	4	2
5	5	3
6	6	1
7	7	4
8	8	1
\.


--
-- Name: actors_id_seq; Type: SEQUENCE SET; Schema: public; Owner: postgres
--

SELECT pg_catalog.setval('public.actors_id_seq', 5, true);


--
-- Name: genres_id_seq; Type: SEQUENCE SET; Schema: public; Owner: postgres
--

SELECT pg_catalog.setval('public.genres_id_seq', 5, true);


--
-- Name: movies_actors_id_seq; Type: SEQUENCE SET; Schema: public; Owner: postgres
--

SELECT pg_catalog.setval('public.movies_actors_id_seq', 8, true);


--
-- Name: movies_id_seq; Type: SEQUENCE SET; Schema: public; Owner: postgres
--

SELECT pg_catalog.setval('public.movies_id_seq', 10, true);


--
-- Name: actors actors_pk; Type: CONSTRAINT; Schema: public; Owner: postgres
--

ALTER TABLE ONLY public.actors
    ADD CONSTRAINT actors_pk PRIMARY KEY (id);


--
-- Name: genres genres_pk; Type: CONSTRAINT; Schema: public; Owner: postgres
--

ALTER TABLE ONLY public.genres
    ADD CONSTRAINT genres_pk PRIMARY KEY (id);


--
-- Name: movies_actors movies_actors_pk; Type: CONSTRAINT; Schema: public; Owner: postgres
--

ALTER TABLE ONLY public.movies_actors
    ADD CONSTRAINT movies_actors_pk PRIMARY KEY (id);


--
-- Name: movies movies_pk; Type: CONSTRAINT; Schema: public; Owner: postgres
--

ALTER TABLE ONLY public.movies
    ADD CONSTRAINT movies_pk PRIMARY KEY (id);


--
-- Name: movies_actors_movie_id_actor_id_uindex; Type: INDEX; Schema: public; Owner: postgres
--

CREATE UNIQUE INDEX movies_actors_movie_id_actor_id_uindex ON public.movies_actors USING btree (movie_id, actor_id);


--
-- Name: movies_name_uindex; Type: INDEX; Schema: public; Owner: postgres
--

CREATE UNIQUE INDEX movies_name_uindex ON public.movies USING btree (name);


--
-- Name: movies_actors movies_actors_actors_id_fk; Type: FK CONSTRAINT; Schema: public; Owner: postgres
--

ALTER TABLE ONLY public.movies_actors
    ADD CONSTRAINT movies_actors_actors_id_fk FOREIGN KEY (actor_id) REFERENCES public.actors(id);


--
-- Name: movies_actors movies_actors_movies_id_fk; Type: FK CONSTRAINT; Schema: public; Owner: postgres
--

ALTER TABLE ONLY public.movies_actors
    ADD CONSTRAINT movies_actors_movies_id_fk FOREIGN KEY (movie_id) REFERENCES public.movies(id);


--
-- Name: movies movies_genres_id_fk; Type: FK CONSTRAINT; Schema: public; Owner: postgres
--

ALTER TABLE ONLY public.movies
    ADD CONSTRAINT movies_genres_id_fk FOREIGN KEY (genre_id) REFERENCES public.genres(id);


--
-- PostgreSQL database dump complete
--

